path	mode	disposition	owner_step	alias_of	operation_ids	current_owner	current_behavior	target_behavior	test_owner
status	porcelain-digest	operation	-		status.read@v1	verbs/status	Direct tier/readsurface reads; --full changes rendering breadth only.	Opt-in Step 21 adapter calls status.read; default CLI stays direct-store.	internal/verbs/status
backlog	active-list	operation	-		backlog.read@v1	verbs/backlog	Direct ActiveBacklog read; --full changes presentation only.	Opt-in Step 21 adapter calls backlog.read; default CLI stays direct-store.	internal/verbs/backlog
next	frontier-read	operation	-	plumbing next	next.read@v1	verbs/next;readsurface.Next	Resolves cursor and deterministic frontier locally.	Opt-in Step 21 adapter calls next.read with Environment identity.	internal/verbs/next
next	cursor-set	operation	-	plumbing next	cursor.set@v1	verbs/next;readsurface.SetCursor	--set writes cursor.moved directly.	Opt-in Step 21 adapter calls cursor.set; no default ownership change.	internal/verbs/next;internal/readsurface
next	cursor-clear	operation	-	plumbing next	cursor.clear@v1	verbs/next;readsurface.ClearCursor	--clear writes cursor.moved directly when set.	Opt-in Step 21 adapter calls cursor.clear; no default ownership change.	internal/verbs/next;internal/readsurface
init	resolve-route	operation	-		route.resolve@v1	verbs/init;tiers.Init	Reads current Git common-dir/remotes before direct tier writes.	Environment-local verified D115 route result; never accept arbitrary host path as authority identity.	internal/tiers
init	remote-less-create	operation	-		repo.create-local@v1	verbs/init;tiers.Init	May create local Repo identity for remote-less repository.	Opt-in Step 21 adapter invokes explicit remote-less Repo birth.	internal/tiers
init	attach-once	operation	-		environment.attach-once@v1	verbs/init;tiers.Init	Directly attaches Repo/Clone/Worktree after route discovery.	One-use authenticated attach consumes exact verified route grant.	internal/tiers
init	tier-enrollment	operation	-		tier.enroll@v1	verbs/init;tiers.Init	Enrolls Repo/Clone/Worktree in one current Store.Commit path.	Authority tier enrollment follows Step 11 route/attach proof.	internal/tiers
doctor	inspect	operation	-		doctor.inspect@v1	verbs/doctor;tiers;guards	Read-only diagnostics inspect Git, store, harness and generated state.	Authenticated Environment diagnostics; no repair side effect.	internal/verbs/doctor;internal/guards
install	install-selected-harness	cli-local	20			manifest;harness	Writes registered generated harness targets and ownership stamp.	CLI-local only; never routes through wipd.	internal/harness;internal/cli
uninstall	remove-selected-harness	cli-local	20			harness	Validates ownership stamp then removes selected generated target tree.	CLI-local only; never routes through wipd.	internal/harness;internal/cli
version	compiled-version	cli-local	20			buildinfo	Renders compiled version metadata only.	CLI-local only; never routes through wipd.	internal/buildinfo;internal/cli
plumbing backlog add	enter-entry	operation	-		backlog.add@v1	verbs/backlog;writesurface.BacklogAdd	Direct entry birth; auto configuration may append shared outbox delegation in same commit.	Authority-class preserves conditional outbox footprint; no capture claim is made for this combined path.	internal/verbs/backlog;internal/writesurface
plumbing backlog list	list-active	operation	-		backlog.read@v1	verbs/backlog	Direct active-entry projection read.	Opt-in Step 21 adapter calls backlog.read.	internal/verbs/backlog
plumbing backlog show	entry-and-content	operation	-		backlog.read@v1;backlog.content.read@v1	verbs/backlog;store content reader	Reads entry projection plus referenced content bytes.	Authenticated projection and verified content hydration; never a generic path read.	internal/verbs/backlog;internal/store
plumbing backlog plan	consume-into-matter	operation	-		backlog.plan@v1	verbs/backlog;writesurface.BacklogPlan	Directly reads Matter and changes BacklogEntry state.	Authority-class cross-entity operation.	internal/verbs/backlog;internal/writesurface
plumbing backlog decline	entry-local-exit	operation	-		backlog.decline@v1	verbs/backlog;writesurface.BacklogDecline	Directly declines entered entry with required reason.	BacklogEntry-keyed capture candidate, exactly one entry footprint.	internal/verbs/backlog;internal/writesurface
plumbing backlog delegate	queue-shared-outbox	operation	-		backlog.delegate@v1	verbs/backlog;writesurface.BacklogDelegate	Directly changes entry and shared outbox.	Authority-class Step 17 shared outbox write; provider is not contacted here.	internal/verbs/backlog;internal/writesurface
plumbing batch create	create-named	operation	-		batch.create@v1	verbs/batch;writesurface.CreateBatch	Creates named Batch directly.	Authority-class named Batch birth.	internal/verbs/batch;internal/writesurface
plumbing batch join	join-named	operation	-		batch.join@v1	verbs/batch;writesurface.JoinBatch	Adds Matter to named Batch directly.	Authority-class membership write.	internal/verbs/batch;internal/writesurface
plumbing batch leave	leave-named	operation	-		batch.leave@v1	verbs/batch;writesurface.LeaveBatch	Removes named membership directly.	Authority-class membership write.	internal/verbs/batch;internal/writesurface
plumbing batch dismiss	dismiss-named	operation	-		batch.dismiss@v1	verbs/batch;writesurface.DismissBatch	Dismisses named Batch and updates member projections.	Authority-class aggregate write.	internal/verbs/batch;internal/writesurface
plumbing bind	bind-reference	operation	-		reference.bind@v1	verbs/bind;writesurface.Bind	Direct bind mutates reference membership and shared aggregate.	Authority-class complete aggregate write.	internal/verbs/bind;internal/writesurface
plumbing body	write-body	operation	-		content.write-once@v1	verbs/content;writesurface.WriteOnce	Reads stdin/--file and directly writes one body segment.	Same exact semantic ID with kind=body and staged verified bytes.	internal/verbs/content;internal/writesurface
plumbing brief	write-brief	operation	-		content.write-once@v1	verbs/content;writesurface.WriteOnce	Reads stdin/--file and directly writes one brief segment.	Same exact semantic ID with kind=brief and staged verified bytes.	internal/verbs/content;internal/writesurface
plumbing cancel	cancel-scale-target	operation	-		matter.cancel@v1;stage.cancel@v1;step.cancel@v1	verbs/lifecycle;writesurface.Cancel	Resolves Matter/Stage/Step locator and directly changes one transition.	CLI adapter resolves scale then dispatches exact operation ID; each remains separately versioned.	internal/verbs/lifecycle;internal/writesurface
plumbing clean	clean-worktree	operation	-		store.clean@v1;dispatch.reap@v1;dispatch.scratch.remove@v1;blob.reap@v1	verbs/clean;render.Clean;store.ReapOrphanBlobs	Reaps stale Dispatches, removes local scratch, and directly deletes old orphan blobs.	Explicit authority retention/reap plus Environment scratch removal; no arbitrary path operation.	internal/verbs/clean;internal/render;internal/store
plumbing clone list	list-clones	operation	-		clone.read@v1	verbs/clone;tiers	Reads Repo clone projection; optional current Git identity is local.	Authenticated clone inventory; current route is separate Step 11 input.	internal/verbs/clone;internal/tiers
plumbing clone relink	relink-current-clone	operation	-		clone.relink@v1;route.resolve@v1	verbs/clone;tiers.Relink	Reads current Git common-dir then directly changes Clone identity row.	Step 11 verified Environment route proof plus Step 13 authority relink.	internal/verbs/clone;internal/tiers
plumbing depend add	add-dependency	operation	-		dependency.add@v1	verbs/depend;writesurface.DependAdd	Directly checks cycle and may cross Matter boundary.	Authority-class cross-Matter dependency edge.	internal/verbs/depend;internal/writesurface
plumbing depend remove	remove-dependency	operation	-		dependency.remove@v1	verbs/depend;writesurface.DependRemove	Directly removes edge and changes readiness projections.	Authority-class graph mutation.	internal/verbs/depend;internal/writesurface
plumbing dispatch close	close-and-remove-scratch	operation	-		dispatch.close@v1;dispatch.scratch.remove@v1	verbs/dispatch;render.CloseExplicit	Closes Dispatch then deletes its scratch tree.	Authority close receipt followed by Environment-owned exact scratch deletion.	internal/verbs/dispatch;internal/render
plumbing finding add	Matter-or-Step-subject	operation	-		finding.append@v1	verbs/content;writesurface.AppendFinding	Appends Matter/Step findings from stdin or file.	Exact-claim content operation with staged verified bytes.	internal/verbs/content;internal/writesurface
plumbing finding add	BacklogEntry-subject	operation	-		backlog.finding.append@v1	verbs/content;writesurface.AppendFinding	Shared writer accepts BacklogEntry findings as a distinct current subject.	BacklogEntry-keyed capture; cannot use Matter/Step finding identity.	internal/verbs/content;internal/writesurface
plumbing finish	finish-Matter	operation	-		matter.finish@v1;render.sealed-node@v1	verbs/lifecycle;authority handler;render	On a sealing transition with an associated live anonymous Batch, the current direct legacy CLI/writesurface finish may append inline batch.swept; historical receipts retain that behavior. Target M6 authority finish does not inline-sweep; its post-seal Environment effects are separate.	The explicit m6-step7 runtime separately exposes the post-normal-claim-close sweep over dedicated IPC; this CLI mode does not invoke it automatically. The sweep is not a CLI verb, global operation.Catalogue entry, or generic submission, and is unavailable to M5/M6 Step 5 profiles.	internal/verbs/lifecycle;internal/wipd;internal/wipdremote;internal/authoritystore
plumbing finish	finish-Stage	operation	-		stage.finish@v1	verbs/lifecycle;writesurface.FinishWithEnvResult	Direct Stage transition; no Matter seal sweep is implied by existing writesurface contract.	Scale-specific operation; this transition does not seal a Matter or run its post-seal Environment effect.	internal/verbs/lifecycle;internal/writesurface
plumbing finish	finish-Step	operation	-		step.finish@v1	verbs/lifecycle;authority handler	Step finish changes one Step; subsequent Matter completion and render are separate effects.	Exact Step operation; do not infer Matter seal or render from local Step result.	internal/verbs/lifecycle;internal/authoritystore
plumbing gate list	list-gates	operation	-		gate.read@v1	verbs/gate	Direct Repo gate declaration read.	Authenticated deterministic gate read.	internal/verbs/gate
plumbing gate status	gate-status	operation	-		gate.read@v1	verbs/gate	Reads a node's enclosing gates and completion.	Authenticated deterministic gate status.	internal/verbs/gate
plumbing gate declare	declare-gate	operation	-		gate.declare@v1	verbs/gate;store.DeclareGate	Direct Repo-wide config/event write.	Authority-class gate declaration.	internal/verbs/gate;internal/store
plumbing gate repair	repair-exemption	operation	-		gate.exemption.repair@v1	verbs/gate;store.RepairGateExemption	Incident guarded direct Repo-wide repair event.	Authority-class explicit exemption repair.	internal/verbs/gate;internal/store
plumbing gate close	close-gate	operation	-		gate.close@v1;render.sealed-node@v1	verbs/gate;writesurface.CloseGateWithEnvResult	On a sealing transition with an associated live anonymous Batch, the current direct legacy CLI/writesurface close may append inline batch.swept; historical receipts retain that behavior. Target M6 authority close does not inline-sweep; seal effects remain separate.	Authority gate event; a later anonymous Batch sweep requires successful normal claim close and a distinct authority operation initiated by the closing Environment.	internal/verbs/gate;internal/writesurface;internal/render
plumbing gate dismiss	dismiss-gate	operation	-		gate.dismiss@v1;render.sealed-node@v1	verbs/gate;writesurface.DismissGateWithEnvResult	On a sealing transition with an associated live anonymous Batch, the current direct legacy CLI/writesurface dismissal may append inline batch.swept; historical receipts retain that behavior. Target M6 authority dismissal does not inline-sweep; seal effects remain separate.	Authority gate event; a later anonymous Batch sweep requires successful normal claim close and a distinct authority operation initiated by the closing Environment.	internal/verbs/gate;internal/writesurface;internal/render
plumbing label	set-current-clone-label	operation	-		clone.label@v1	verbs/label;tiers.SetLabel	Direct Clone label write with Repo uniqueness guard.	Authority tier administration operation.	internal/verbs/label;internal/tiers
plumbing matter create	create-matter	operation	-		matter.create@v2	verbs/matter;writesurface.CreateMatter	Direct local Store.Commit creates Matter.	M6 uses explicit versioned matter.create@v2; no silent v1 reinterpretation.	internal/verbs/matter;internal/writesurface
plumbing next	frontier-read	operation	-		next.read@v1	verbs/next;readsurface.Next	Read-only cursor/frontier branch.	Authenticated deterministic read.	internal/verbs/next;internal/readsurface
plumbing next	cursor-set	operation	-		cursor.set@v1	verbs/next;readsurface.SetCursor	--set writes cursor.moved directly.	Environment operation under D125.	internal/verbs/next;internal/readsurface
plumbing next	cursor-clear	operation	-		cursor.clear@v1	verbs/next;readsurface.ClearCursor	--clear writes cursor.moved directly when set.	Environment operation under D125.	internal/verbs/next;internal/readsurface
plumbing outbox list	list-outbox	operation	-		outbox.read@v1	verbs/outbox	Direct outbox projection read.	Authenticated deterministic read.	internal/verbs/outbox
plumbing outbox level	read-level	operation	-		tracker.config.read@v1	verbs/outbox;store config	Reads effective tracker push level.	Authority config read.	internal/verbs/outbox;internal/store
plumbing outbox level	set-level	operation	-		tracker.config.set@v1	verbs/outbox;store.SetTrackerPushLevel	Evented config.set write after enum validation.	Authority typed evented setter; no provider contact.	internal/verbs/outbox;internal/store
plumbing outbox backlog-push	read-backlog-push	operation	-		tracker.config.read@v1	verbs/outbox;store config	Reads effective auto-delegation mode.	Authority config read.	internal/verbs/outbox;internal/store
plumbing outbox backlog-push	set-backlog-push	operation	-		tracker.config.set@v1	verbs/outbox;store.SetTrackerBacklogPush	Evented config.set; reports missing-backend warning only.	Authority typed evented setter; no provider contact.	internal/verbs/outbox;internal/store
plumbing outbox backend	read-backend	operation	-		tracker.config.read@v1	verbs/outbox;store config	Reads backend name from Repo config.	Authority config read; provider registry remains Environment-owned.	internal/verbs/outbox;internal/store
plumbing outbox backend	set-backend	operation	-		tracker.config.set@v1	verbs/outbox;store.SetConfig	Validates registered name then evented config.set.	Authority typed evented setter; provider registry remains Environment-owned.	internal/verbs/outbox;internal/store
plumbing outbox target	read-target	operation	-		tracker.config.read@v1	verbs/outbox;store config	Reads opaque target token.	Authority config read.	internal/verbs/outbox;internal/store
plumbing outbox target	set-target	operation	-		tracker.config.set@v1	verbs/outbox;store.SetConfig	Sets opaque token; no tracker contact.	Authority typed evented setter; no provider contact.	internal/verbs/outbox;internal/store
plumbing outbox project	read-project	operation	-		tracker.config.read@v1	verbs/outbox;store config	Reads opaque project token.	Authority config read.	internal/verbs/outbox;internal/store
plumbing outbox project	set-project	operation	-		tracker.config.set@v1	verbs/outbox;store.SetConfig	Sets opaque token; no tracker contact.	Authority typed evented setter; no provider contact.	internal/verbs/outbox;internal/store
plumbing outbox canceled-label	read-canceled-label	operation	-		tracker.config.read@v1	verbs/outbox;store config	Reads configured label.	Authority config read.	internal/verbs/outbox;internal/store
plumbing outbox canceled-label	set-canceled-label	operation	-		tracker.config.set@v1	verbs/outbox;store.SetConfig	Sets label; no tracker contact.	Authority typed evented setter; no provider contact.	internal/verbs/outbox;internal/store
plumbing outbox approve	approve-entry	operation	-		outbox.approve@v1	verbs/outbox;writesurface.OutboxApprove	Records explicit human approval.	Authority event only; no provider contact.	internal/verbs/outbox;internal/writesurface
plumbing outbox decline	decline-entry	operation	-		outbox.decline@v1	verbs/outbox;writesurface.OutboxDecline	Records terminal human disposition.	Authority event only; no provider contact.	internal/verbs/outbox;internal/writesurface
plumbing outbox retry	retry-entry	operation	-		outbox.retry@v1	verbs/outbox;writesurface.OutboxRetry	Requeues same outbox identity.	Authority event only; provider contact is later Step 18.	internal/verbs/outbox;internal/writesurface
plumbing outbox flush	flush-provider	operation	-		outbox.flush@v1;tracker.item.confirm@v1	verbs/outbox;tracker.Provider	Contacts external provider then directly records typed provider result.	Environment provider effect plus exact authenticated authority receipt/outcome.	internal/verbs/outbox;internal/tracker
plumbing pause	pause-scale-target	operation	-		matter.pause@v1;stage.pause@v1;step.pause@v1	verbs/lifecycle;writesurface.Pause	Scale-polymorphic transition resolved from locator.	Explicit scale identity selects claim operation.	internal/verbs/lifecycle;internal/writesurface
plumbing rebind	rebind-reference	operation	-		reference.rebind@v1	verbs/bind;writesurface.Rebind	Directly changes source and destination shared aggregates.	Authority-class complete two-aggregate write.	internal/verbs/bind;internal/writesurface
plumbing refresh	refresh-render	operation	-		render.refresh@v1;dispatch.open@v1;dispatch.scratch.remove@v1	verbs/refresh;internal/render	Reads checkout, opens/reuses Dispatch, writes generated and scratch files, commits events.	Authenticated Environment owner sequences authority Dispatch and bounded local effects.	internal/verbs/refresh;internal/render
plumbing resume	resume-scale-target	operation	-		matter.resume@v1;stage.resume@v1;step.resume@v1	verbs/lifecycle;writesurface.Resume	Scale-polymorphic node lifecycle transition.	Explicit scale identity selects claim operation; distinct from scheduler.resume.	internal/verbs/lifecycle;internal/writesurface
plumbing role spawn	spawn-role	operation	-		role.spawn@v1	verbs/role;writesurface.SpawnRole	Directly spawns role under current Dispatch.	Authority-class Dispatch/Role operation.	internal/verbs/role;internal/writesurface
plumbing role close	close-role	operation	-		role.close@v1	verbs/role;writesurface.CloseRole	Directly closes current role.	Authority-class Dispatch/Role operation.	internal/verbs/role;internal/writesurface
plumbing role list	list-current-roles	operation	-		role.list.read@v1	verbs/role	Reads current Dispatch roles.	Authenticated Environment-bound deterministic read.	internal/verbs/role
plumbing role active	read-activation	operation	-		role.active.read@v1	verbs/role;writesurface.Activation	Reads gate-derived role activation.	Authenticated deterministic authority read.	internal/verbs/role
plumbing run list	list-runs	operation	-		run.read@v1;run-lock.inspect@v1	verbs/run;runlock.Probe	Reads Run projection and probes host liveness locks.	Separate authority Run snapshot and Environment lock diagnostic.	internal/verbs/run;internal/runlock
plumbing run show	show-run	operation	-		run.read@v1;run-lock.inspect@v1	verbs/run;runlock.Probe	Reads exact Run plus local lock state.	Separate authority Run snapshot and Environment lock diagnostic.	internal/verbs/run;internal/runlock
plumbing run stand-down	stand-down-run	operation	-		run.stand-down@v1	verbs/run;writesurface.StandDownRun	Direct Run/Dispatch write gated by host advisory lock.	Authenticated Environment lock proof plus authority Run/Dispatch transaction.	internal/verbs/run;internal/writesurface;internal/runlock
plumbing session	derive-session	operation	-		session.read@v1	verbs/session;readsurface.Derive	Reads legacy domain-wide tail and derives session.	Authenticated D124 domain-wide Session ordering.	internal/verbs/session
plumbing stage create	create-stage	operation	-		stage.create@v1	verbs/stage;writesurface.CreateStage	Direct birth under resolved Matter.	Exact-claim Stage birth.	internal/verbs/stage;internal/writesurface
plumbing start	start-scale-target	operation	-		matter.start@v1;stage.start@v1;step.start@v1	verbs/lifecycle;writesurface.Start	Scale-polymorphic start; may cascade planned ancestors.	Explicit scale identity; preserve atomic root-first cascade and exact target.	internal/verbs/lifecycle;internal/writesurface
plumbing status	full-status	operation	-		status.read@v1	verbs/status;tiers;readsurface	Direct comprehensive read; --all expands sealed history.	Authenticated deterministic authority snapshot; CLI renderer remains local.	internal/verbs/status
plumbing step create	create-step	operation	-		step.create@v2	verbs/step;writesurface.CreateStep	Direct Step birth under resolved Matter/Stage.	Exact-claim M6 step.create@v2; no re-interpretation of M5 v1.	internal/verbs/step;internal/writesurface
plumbing step insert	insert-step	operation	-		step.insert@v1	verbs/step;writesurface.InsertStep	Direct sibling insert/rebalance.	Claim operation owns the complete affected sibling set.	internal/verbs/step;internal/writesurface
plumbing step reorder	reorder-steps	operation	-		step.reorder@v1	verbs/step;writesurface.ReorderStep	Direct complete sibling order update.	Claim operation validates full permutation.	internal/verbs/step;internal/writesurface
plumbing step replace	replace-step	operation	-		step.replace@v1	verbs/step;writesurface.ReplaceStep	Direct tombstone plus replacement birth.	Claim operation preserves old/new identity and subtree boundary.	internal/verbs/step;internal/writesurface
plumbing step remove	remove-step	operation	-		step.remove@v1	verbs/step;writesurface.RemoveStep	Direct selected Step tombstone.	Claim operation with required reason.	internal/verbs/step;internal/writesurface
plumbing tracker capabilities	resolve-provider-capabilities	operation	-		tracker.capabilities.read@v1	verbs/tracker;tracker.Registry	Resolves local provider and credential availability.	Environment-local capability result; no credentials cross operation boundary.	internal/verbs/tracker;internal/tracker
plumbing tracker propose create	propose-create	operation	-		tracker.proposal.create@v1	verbs/tracker;writesurface.proposeTracker	Queues provider-neutral proposal.	Authority proposal write; no provider contact.	internal/verbs/tracker;internal/writesurface
plumbing tracker propose comment	propose-comment	operation	-		tracker.proposal.comment@v1	verbs/tracker;writesurface.proposeTracker	Queues provider-neutral comment.	Authority proposal write; no provider contact.	internal/verbs/tracker;internal/writesurface
plumbing tracker propose state	propose-state	operation	-		tracker.proposal.state@v1	verbs/tracker;writesurface.proposeTracker	Queues provider-neutral state change.	Authority proposal write; no provider contact.	internal/verbs/tracker;internal/writesurface
plumbing tracker read	read-provider	operation	-		tracker.read@v1	verbs/tracker;tracker.Provider	Makes provider read using local credentials.	Environment-owned external provider read with explicit credentials boundary.	internal/verbs/tracker;internal/tracker
plumbing tracker refs	read-references	operation	-		reference.read@v1	verbs/tracker;store.View	Reads tracker-reference projections.	Authenticated deterministic reference read.	internal/verbs/tracker
plumbing unbind	unbind-reference	operation	-		reference.unbind@v1	verbs/bind;writesurface.Unbind	Directly changes reference membership and shared aggregate.	Authority-class complete aggregate write.	internal/verbs/bind;internal/writesurface
plumbing workplan	write-workplan	operation	-		content.write-once@v1	verbs/content;writesurface.WriteOnce	Reads stdin/--file and directly writes one workplan segment.	Same exact semantic ID with kind=workplan and staged verified bytes.	internal/verbs/content;internal/writesurface
manifest	build-manifest	cli-local	20			manifest.Build	Builds local Cobra manifest and assets without opening Store.	CLI-local only; not an executable operation registry and never routes through wipd.	internal/manifest;internal/cli
