id	kind	source	line	operation_ids	owner_step	dependencies	current_effect	target_behavior	test_owner
internal/authoritystore/step12_commands.go:414	authority-operation	internal/authoritystore/step12_commands.go	414	matter.locator-repair@v1	4	2	Explicitly accepts a collision-assigned Matter locator or renames it after current-claim validation.	One authority transaction emits the exact repair event, updates only the Matter locator projection, and clears the unresolved repair marker.	internal/authoritystore/step12_commands_test.go;internal/wipdauthority/m5_commands_test.go
internal/readsurface/next.go:325	store-commit	internal/readsurface/next.go	325	cursor.set@v1	14	2	Direct Store.Commit emits cursor.moved for cursor set.	Environment-delivery operation with exact Worktree context and verified target.	internal/readsurface cursor tests
internal/readsurface/next.go:372	store-commit	internal/readsurface/next.go	372	cursor.clear@v1	14	2	Direct Store.Commit emits cursor.moved for clear.	Environment-delivery operation preserves already-clear no-op.	internal/readsurface cursor tests
internal/render/dispatch.go:62	store-commit	internal/render/dispatch.go	62	dispatch.open@v1	10	2;19	Direct Store.Commit opens a Worktree Dispatch.	Authority Dispatch transaction receives explicit Environment snapshot; checkout work remains separate.	internal/render tests
internal/render/dispatch.go:94	store-commit	internal/render/dispatch.go	94	dispatch.close@v1;dispatch.reap@v1	10	2;19	Direct Store.Commit closes, supersedes or reaps Dispatch.	Authority Dispatch event; Environment separately removes exact scratch tree.	internal/render tests
internal/render/refresh.go:158	store-commit	internal/render/refresh.go	158	render.refresh@v1	19	2;10	Direct Store.Commit appends render.performed after local render.	Environment effect records exact authenticated rendering result under Step 19 ordering contract.	internal/render tests
internal/scheduler/loop.go:326	store-commit	internal/scheduler/loop.go	326	batch.create-anonymous@v1;dispatch.open@v1;scheduler.orchestrate@v1	10	2;15;19	Scheduler opens Dispatch and creates the anonymous execution Batch.	Authority scheduler transaction; anonymous Batch is not exposed as named membership API.	internal/scheduler tests
internal/scheduler/loop.go:348	store-commit	internal/scheduler/loop.go	348	dispatch.close@v1;scheduler.orchestrate@v1	10	2;19	Scheduler closes Dispatch when a claim ends.	Authority orchestration owns exact close reason and role projection.	internal/scheduler tests
internal/scheduler/loop.go:374	store-commit	internal/scheduler/loop.go	374	scheduler.orchestrate@v1	10	2	Scheduler births planned Steps as part of Run planning.	Typed scheduler Plan result becomes authority-owned planned Step events.	internal/scheduler tests
internal/scheduler/loop.go:394	store-commit	internal/scheduler/loop.go	394	scheduler.orchestrate@v1;matter.start@v1;stage.start@v1;step.start@v1	10	2;5	Scheduler starts ready work and applies lifecycle cascade.	One scheduler orchestration transaction preserves exact planned target and cascade.	internal/scheduler tests
internal/scheduler/loop.go:428	store-commit	internal/scheduler/loop.go	428	scheduler.orchestrate@v1;matter.finish@v1;stage.finish@v1;step.finish@v1	10	2;5	Scheduler finishes claimed work and can cross a Matter seal boundary.	Typed scheduler finish result uses static full footprint and explicit post-seal Environment effect.	internal/scheduler tests
internal/scheduler/loop.go:514	store-commit	internal/scheduler/loop.go	514	scheduler.orchestrate@v1;step.skip@v1	10	2	Scheduler may skip a ready Step under Run policy.	Step 10 authority operation carries skip policy; not mapped to a generic lifecycle write.	internal/scheduler tests
internal/scheduler/loop.go:581	store-commit	internal/scheduler/loop.go	581	scheduler.orchestrate@v1	10	2	Scheduler closes/settles Run state after frontier completion.	Run settlement is one authority-side scheduler result.	internal/scheduler tests
internal/scheduler/loop.go:594	store-commit	internal/scheduler/loop.go	594	scheduler.orchestrate@v1;role.spawn@v1	10	2	Scheduler spawns an activated role under its Dispatch.	Authority validates activation and exact current Dispatch.	internal/scheduler tests
internal/scheduler/loop.go:609	store-commit	internal/scheduler/loop.go	609	scheduler.orchestrate@v1;role.close@v1	10	2	Scheduler closes an exact role identity.	Authority role/Dispatch fold; scheduler result binds exact role.	internal/scheduler tests
internal/scheduler/resume.go:97	store-commit	internal/scheduler/resume.go	97	scheduler.resume@v1;dispatch.reap@v1	10	2;20	Resume locks and reaps orphan Dispatches before proceeding.	Authenticated Run resume follows Environment lock proof and authority orphan-reap result.	internal/scheduler resume tests
internal/store/config.go:172	store-commit	internal/store/config.go	172	tracker.config.set@v1	17	2	Generic current config setter appends config.set.	Replace only with allowlisted typed evented config operation; no provider contact.	internal/store config tests
internal/store/config.go:300	store-commit	internal/store/config.go	300	gate.declare@v1	7	2	Gate declaration config owner commits Repo-wide event.	Authority class and Repo-wide guard are retained.	internal/store config tests
internal/store/config.go:335	store-commit	internal/store/config.go	335	gate.exemption.repair@v1	7	2	Gate exemption repair config owner commits incident event.	Authority class; exact incident/exemption history is validated transactionally.	internal/store config tests
internal/tiers/adopt.go:57	store-commit	internal/tiers/adopt.go	57	repo.adopt-remote@v1	11	2	Read-like tier resolution may adopt legacy Repo key from current remote metadata.	Explicit D116 adoption consumes verified Environment remote proof; ordinary reads stop mutating.	internal/tiers adoption tests
internal/tiers/init.go:84	store-commit	internal/tiers/init.go	84	environment.attach-once@v1;worktree.attach@v1;tier.enroll@v1	13	2;11	Existing Clone initialization attaches Worktree projection after route discovery.	Authenticated one-use attach plus authority tier-enrollment write.	internal/tiers init tests
internal/tiers/init.go:177	store-commit	internal/tiers/init.go	177	repo.create-local@v1;environment.attach-once@v1;clone.attach@v1;worktree.attach@v1;tier.enroll@v1	13	2;11	New tier initialization births Repo/Clone/Worktree from local Git metadata.	Route resolution proof precedes authority enrollment; one-use attach stays distinct from GrantStart/1.	internal/tiers init tests
internal/tiers/move.go:136	store-commit	internal/tiers/move.go	136	clone.relink@v1	13	2;11	Relink mutates Clone common-dir from current Git discovery.	Environment supplies verified route identity; authority updates exact Clone projection.	internal/tiers relink tests
internal/tiers/relabel.go:54	store-commit	internal/tiers/relabel.go	54	clone.label@v1	13	2	SetLabel mutates Clone label after Repo-wide uniqueness check.	Authority exact Clone label write.	internal/tiers relabel tests
internal/writesurface/amendment.go:98	store-commit	internal/writesurface/amendment.go	98	step.insert@v1	4	2	Insert may birth Step and rebalance sibling sort keys.	Exact-claim operation declares complete sibling footprint and event ordering.	internal/writesurface amendment tests
internal/writesurface/amendment.go:183	store-commit	internal/writesurface/amendment.go	183	step.reorder@v1	4	2	Reorder writes complete live sibling sort-key permutation.	Exact-claim operation validates and writes one Matter sibling set.	internal/writesurface amendment tests
internal/writesurface/amendment.go:213	store-commit	internal/writesurface/amendment.go	213	step.replace@v1	4	2	Replace tombstones selected Step and births replacement.	Exact-claim operation preserves old/new identities.	internal/writesurface amendment tests
internal/writesurface/amendment.go:238	store-commit	internal/writesurface/amendment.go	238	step.remove@v1	4	2	Remove tombstones selected Step with reason.	Exact-claim operation writes selected Matter subtree only.	internal/writesurface amendment tests
internal/writesurface/backlog.go:50	store-commit	internal/writesurface/backlog.go	50	backlog.add@v1	16	2;17	Entry birth may atomically add shared outbox delegation under configured auto mode.	Authority delivery preserves current conditional aggregate semantics; capture is not claimed for this composite.	internal/writesurface backlog tests
internal/writesurface/backlog.go:102	store-commit	internal/writesurface/backlog.go	102	backlog.plan@v1	16	2;4	Consumes entered BacklogEntry into an existing Matter.	Authority mutation crosses entry and Matter identity.	internal/writesurface backlog tests
internal/writesurface/backlog.go:126	store-commit	internal/writesurface/backlog.go	126	backlog.decline@v1	16	2	Declines exact entered entry with required reason.	Capture is keyed to exact BacklogEntry and changes no other domain.	internal/writesurface backlog tests
internal/writesurface/backlog.go:145	store-commit	internal/writesurface/backlog.go	145	backlog.delegate@v1	17	2	Entry delegation creates shared outbox entry and idempotency key.	Authority owns shared outbox; provider contact waits for Step 18.	internal/writesurface backlog tests
internal/writesurface/backlog.go:197	store-commit	internal/writesurface/backlog.go	197	tracker.item.confirm@v1	18	2;17	Provider create response is folded as tracker.item-created.	Authority records exact verified provider receipt after external call.	internal/writesurface backlog tests
internal/writesurface/batch.go:36	store-commit	internal/writesurface/batch.go	36	batch.create@v1	9	2	Creates named Batch.	Authority operation enforces Repo name uniqueness.	internal/writesurface batch tests
internal/writesurface/batch.go:55	store-commit	internal/writesurface/batch.go	55	batch.create-anonymous@v1	10	2;15	Creates anonymous Batch for claim/scheduler coordination.	Authority internal workflow only; never exposed as arbitrary user Batch creation.	internal/writesurface batch tests
internal/writesurface/batch.go:86	store-commit	internal/writesurface/batch.go	86	batch.join@v1	9	2	Adds Matter to named Batch.	Authority aggregate membership mutation.	internal/writesurface batch tests
internal/writesurface/batch.go:118	store-commit	internal/writesurface/batch.go	118	batch.leave@v1	9	2	Removes Matter from named Batch.	Authority exact membership mutation.	internal/writesurface batch tests
internal/writesurface/batch.go:154	store-commit	internal/writesurface/batch.go	154	batch.dismiss@v1	9	2	Dismisses named Batch and updates members.	Authority aggregate mutation of exact Batch and membership.	internal/writesurface batch tests
internal/writesurface/bind.go:20	store-commit	internal/writesurface/bind.go	20	reference.bind@v1	8	2	Binds Matter reference and may recompute shared aggregate/outbox candidate.	Authority transaction owns full shared-reference footprint.	internal/writesurface bind tests
internal/writesurface/bind.go:43	store-commit	internal/writesurface/bind.go	43	reference.unbind@v1	8	2	Unbind recomputes aggregate across all remaining bound Matters.	Authority transaction owns full shared-reference footprint.	internal/writesurface bind tests
internal/writesurface/bind.go:62	store-commit	internal/writesurface/bind.go	62	reference.rebind@v1	8	2	Rebind updates source and destination aggregate.	Authority transaction owns both shared-reference aggregates.	internal/writesurface bind tests
internal/writesurface/birth.go:41	store-commit	internal/writesurface/birth.go	41	matter.create@v1;matter.create@v2	4	2	Direct Matter birth emits matter.created.	M5 v1 stays compatible; M6 Step 4 uses explicit matter.create@v2.	internal/writesurface birth tests
internal/writesurface/birth.go:79	store-commit	internal/writesurface/birth.go	79	stage.create@v1	4	2	Direct Stage birth beneath Matter.	Exact active-claim Stage birth.	internal/writesurface birth tests
internal/writesurface/birth.go:115	store-commit	internal/writesurface/birth.go	115	step.create@v1;step.create@v2	4	2	Direct Step birth with derived locator/order.	M5 v1 remains provisional; M6 Step 4 selects v2 for exact-claim birth.	internal/writesurface birth tests
internal/writesurface/content.go:41	store-commit	internal/writesurface/content.go	41	content.write-once@v1	6	2	Writes one create-once prose segment; bytes may spill to sidecar before commit.	Claim operation receives staged verified content; no arbitrary host path.	internal/writesurface content tests
internal/writesurface/content.go:65	store-commit	internal/writesurface/content.go	65	finding.append@v1;backlog.finding.append@v1	6	2;16	Shared append path can target Matter, Step, or BacklogEntry.	Operation identity splits exact Matter/Step claim from BacklogEntry capture.	internal/writesurface content tests
internal/writesurface/depend.go:42	store-commit	internal/writesurface/depend.go	42	dependency.add@v1	8	2	Adds dependency after endpoint/cycle checks.	Authority transaction owns cross-Matter graph and readiness footprint.	internal/writesurface dependency tests
internal/writesurface/depend.go:75	store-commit	internal/writesurface/depend.go	75	dependency.remove@v1	8	2	Removes live dependency.	Authority transaction owns cross-Matter graph and readiness footprint.	internal/writesurface dependency tests
internal/writesurface/gate.go:231	store-commit	internal/writesurface/gate.go	231	gate.dismiss@v1	7	2;5;19	Dismiss can make Matter seal and trigger anonymous Batch sweep plus local render.	Authority event/sweep and Step 19 Environment render are distinct contracts.	internal/writesurface gate tests
internal/writesurface/gate.go:363	store-commit	internal/writesurface/gate.go	363	gate.close@v1	7	2;5;19	Close can make Matter seal and trigger anonymous Batch sweep plus local render.	Authority event/sweep and Step 19 Environment render are distinct contracts.	internal/writesurface gate tests
internal/writesurface/lifecycle.go:97	store-commit	internal/writesurface/lifecycle.go	97	matter.start@v1;stage.start@v1;step.start@v1	5	2	Start emits root-first ancestor cascade then exact target.	Exact active-claim operation preserves atomic cascade.	internal/writesurface lifecycle tests
internal/writesurface/lifecycle.go:158	store-commit	internal/writesurface/lifecycle.go	158	matter.finish@v1;stage.finish@v1;step.finish@v1;matter.cancel@v1;stage.cancel@v1;step.cancel@v1;matter.pause@v1;stage.pause@v1;step.pause@v1;matter.resume@v1;stage.resume@v1;step.resume@v1	5	2	Scale-polymorphic finish/cancel/pause/resume writer; Matter finish can optionally seal/sweep.	Adapter resolves exact scale operation; preserve M5 static Matter-finish authority boundary and do not infer render from non-sealing transitions.	internal/writesurface lifecycle tests
internal/writesurface/outbox.go:66	store-commit	internal/writesurface/outbox.go	66	tracker.state.pushed@v1	18	2;17	Stores provider conditional state push result.	Authority receipt binds exact typed provider result after external call.	internal/writesurface outbox tests
internal/writesurface/outbox.go:83	store-commit	internal/writesurface/outbox.go	83	tracker.state.observed@v1	18	2;17	Stores observed provider state result without claiming write.	Authority receipt records typed observation after external read.	internal/writesurface outbox tests
internal/writesurface/outbox.go:97	store-commit	internal/writesurface/outbox.go	97	outbox.approve@v1;outbox.decline@v1;outbox.retry@v1;outbox.withhold@v1;outbox.delivery-failed@v1;outbox.flushed@v1	17	2;18	Shared outbox mutation commit path covers approval, decline, retry and provider outcomes.	Typed operations retain strict human approval and external provider boundaries.	internal/writesurface outbox tests
internal/writesurface/role.go:96	store-commit	internal/writesurface/role.go	96	role.spawn@v1	10	2	Spawns exact Role in open Dispatch.	Authority validates activation and Dispatch ownership.	internal/writesurface role tests
internal/writesurface/role.go:146	store-commit	internal/writesurface/role.go	146	role.close@v1	10	2	Closes exact open Role.	Authority Role/Dispatch transaction.	internal/writesurface role tests
internal/writesurface/run.go:39	store-commit	internal/writesurface/run.go	39	run.stand-down@v1	10	2;20	Run stand-down emits Run and all open Dispatch close events after lock probe.	Environment lock proof and authority transaction remain separate.	internal/writesurface run tests
internal/writesurface/tracker.go:101	store-commit	internal/writesurface/tracker.go	101	tracker.proposal.create@v1;tracker.proposal.comment@v1;tracker.proposal.state@v1	17	2	Provider-neutral ad-hoc proposals are appended without provider contact.	Authority proposal transaction; provider effect belongs to Step 18.	internal/writesurface tracker tests

effect:store-open	store-open	internal/tiers/tiers.go OpenStore	-	status.read@v1;backlog.read@v1;next.read@v1	2	20	Creates/opens local SQLite, WAL/SHM, runs migrations and may rebuild projections.	Step 2 authenticated Environment install owns the durable Environment boundary; reads cannot use direct client SQLite.	internal/store tests;internal/tiers tests
effect:migrations	migration	internal/store/migrations.go	-	-	2	-	Schema migration and compatibility projection writes occur before Store exists.	Migration/manifest behavior is explicit Environment install path, not a semantic command or local CLI fallback.	internal/store migration tests
effect:content-blobs	blob-store	internal/store/content.go	-	content.write-once@v1;finding.append@v1;content.read@v1;backlog.content.read@v1	6	2	ContentDraft may write sidecar before commit; reads verify content digest/length.	Step 6 stages exact bytes and authenticates verified blob reference; authority owns content truth/read provenance.	internal/store content tests;internal/wipdseed tests
effect:orphan-blobs	blob-retention	internal/store.ReapOrphanBlobs	-	blob.reap@v1;store.clean@v1	19	2	Deletes old unreferenced sidecar files without model event.	Authority returns an exact retained/reap digest set; Environment cannot supply paths or selection predicates.	internal/store blob tests
effect:render-files	filesystem	internal/render	-	render.refresh@v1;render.sealed-node@v1;dispatch.open@v1;dispatch.close@v1;dispatch.reap@v1;dispatch.scratch.remove@v1;store.clean@v1	19	2;10	Creates/removes .wip scratch/generated files and may append .wip to Git exclude.	Step 19 Environment handler owns bounded authenticated checkout effects with explicit ordering/results.	internal/render tests
effect:runtime-locks	advisory-lock	internal/runlock	-	run.read@v1;run-lock.inspect@v1;run.stand-down@v1;scheduler.resume@v1	20	10	Creates lock dir/files and probes/acquires kernel advisory lock.	Environment liveness only; lock is not semantic authority state.	internal/runlock tests
effect:harness	cli-files	internal/harness;internal/manifest	-	-	20	-	Reads assets/stamps; install writes generated harness tree/stamp; uninstall removes stamped tree.	Install/uninstall/manifest/version remain explicitly CLI-local under the approved plan.	internal/harness tests;internal/manifest tests
effect:git-discovery	git-read	internal/tiers;internal/guards	-	route.resolve@v1;repo.create-local@v1;environment.attach-once@v1;repo.adopt-remote@v1;clone.relink@v1;doctor.inspect@v1;render.refresh@v1	11	19;20	Reads git-common-dir, remotes, worktree and tracked .wip state; no Git mutation subprocess exists.	Verified route/harness facts remain Environment-local inputs; domain handlers never accept arbitrary paths.	internal/tiers tests;internal/guards tests
effect:content-input	cli-input	internal/verbs/content	-	content.write-once@v1;finding.append@v1;backlog.finding.append@v1	6	16	Reads stdin or explicit --file before direct content commit; large bytes may spill to blob store.	CLI stages bytes and submits digest-bound blob; no generic path command.	internal/verbs/content tests
effect:tracker-provider	provider-http	internal/tracker	-	tracker.read@v1;tracker.capabilities.read@v1;outbox.flush@v1;tracker.item.confirm@v1;tracker.state.pushed@v1;tracker.state.observed@v1	18	17	Reads credentials and calls tracker HTTP; only outbox flush writes external provider state.	Environment owns credentials/provider effects; authority records idempotent typed receipts after the call.	internal/tracker tests
effect:scheduler-hooks	external-hook	internal/scheduler	-	scheduler.orchestrate@v1;scheduler.resume@v1	10	2	Injected Work/Plan/Ask/PostSeal callbacks can perform external behavior outside Store.Commit.	Typed isolated effect/idempotency contracts; never transport a generic callback in operation input.	internal/scheduler tests
effect:authenticated-claim-controls	authenticated-control	internal/wipdauthority;internal/wipdjournal	-	claim.acquire@v1;claim.release@v1;claim.stand-down@v1;claim-journal.repair@v1;claim-journal.close@v1	15	2	Authenticated M5 authority controls acquire/release exact claims; current journal lookup, ACK, seal and repair use journal/authority stores.	Retain current authenticated controls and release receipt barrier; M6 Step 15 adds only the mapped stand-down/repair behavior with exact owner, epoch and generation fences.	internal/wipdauthority process acceptance;internal/wipdjournal tests
effect:environment-identity-controls	environment-identity	internal/wipd identity controls;internal/authoritystore identity controls	-	environment.certificate.renew@v1;environment.certificate.rotate@v1;environment.identity.recover@v1;environment.identity.revoke@v1	12	2	Environment key/certificate records and authority revocation are owned by identity control stores, outside domain Store.Commit.	Keep key material and certificates inside authenticated identity controls; renewal/rotation/recovery/revocation remain explicit epoch-fenced operations.	internal/wipd identity tests;internal/authoritystore identity tests
effect:authority-batch-read	authority-read	internal/store Batch views	-	batch.read@v1	9	2;3	Named Batch state is read through current Store projection APIs; this CLI has no Batch list/show mode.	Step 9 adds an authenticated deterministic named-Batch read; anonymous scheduler Batches remain internal.	internal/writesurface batch tests;M6 Step 9 read tests (planned)
effect:daemon-diagnostics	daemon-diagnostics	internal/wipd	-	diagnostics.inspect@v1	20	2	Experimental profile/process/readiness diagnostics are local daemon probes outside Store.Commit.	Keep process/readiness diagnostics Environment-local and read-only, separate from semantic status snapshots.	internal/wipd tests
