id	status	owner_step	dependencies	access	delivery	context	claim	guards	reads	writes	blob_inputs	external_effects	current_owner	current_behavior	target_behavior	current_tests	target_tests
status.read@v1	proposed-not-registered-not-implemented	3	2	read	none	repo	none	repo.identity;environment.binding	repo.matter-tree;stage-step-lifecycle;gates;dependencies;named-batches;references;backlog;outbox;runs;content-index	none	none	none	verbs/status plus tiers and readsurface	Opens local store and composes current Repo or host-wide projections; open may migrate or repair projections.	Authenticated deterministic authority snapshot; Environment supplies verified current Repo/Clone/Worktree context; renderer remains CLI-local under Step 21.	docs/wipd/cli-operation-census.md;internal/tiers tests;internal/readsurface tests	M6 Step 3 read contract; Step 22 completeness (planned)
backlog.read@v1	proposed-not-registered-not-implemented	3	2	read	none	repo	none	repo.identity	backlog.entries;entry-state;matter-link	none	none	none	verbs/backlog plus store.View	Reads active entries directly; no write except incidental store open/migration effects.	Authenticated deterministic entry projection with stable ordering and explicit current Repo scope.	internal/verbs/backlog tests	M6 Step 3 read contract; Step 22 completeness (planned)
backlog.content.read@v1	proposed-not-registered-not-implemented	6	2;3	read	none	repo;clone;worktree	none	backlog.entry-exists;blob-reference-valid	backlog.entry;verified-content-segments	none	none	filesystem-read	verbs/backlog plus store content reader	Reads entry metadata and may hydrate sidecar bytes.	Authenticated verified blob/reference result; never accepts an arbitrary path; Step 3 read family prerequisite.	internal/verbs/backlog tests;internal/store content tests	M6 Step 6 content tests (planned)
next.read@v1	proposed-not-registered-not-implemented	3	2	read	none	repo;clone;worktree	none	current-tier-resolves;cursor-scope	cursor;ready-frontier;dependencies;gates;run-frontier;matter-addresses	none	none	git-read	verbs/next;readsurface;render	Derives current cursor/frontier locally and adds local addresses for output.	Authenticated deterministic cursor/frontier snapshot; Environment context is explicit; no authority-side selection.	internal/readsurface tests;internal/verbs/next tests	M6 Step 3 read contract (planned)
gate.read@v1	proposed-not-registered-not-implemented	3	2	read	none	repo	none	repo.identity	gate.declarations;exemptions;node-completion	none	none	none	verbs/gate;store.View	Reads declarations and derived status from local store.	Authenticated deterministic gate and exemption view.	internal/verbs/gate tests	M6 Step 3 read contract (planned)
role.active.read@v1	proposed-not-registered-not-implemented	3	2	read	none	repo	none	repo.identity	gate.declarations;role-activation	none	none	none	verbs/role;writesurface.Activation	Derives active roles from gate configuration.	Authenticated deterministic activation projection.	internal/verbs/role tests	M6 Step 3 read contract (planned)
role.list.read@v1	proposed-not-registered-not-implemented	3	2	read	none	repo;clone;worktree	none	current-dispatch-resolves	open-dispatch;open-roles	none	none	none	verbs/role;store.View	Reads roles for the current open Dispatch.	Authenticated deterministic role snapshot bound to Environment context.	internal/verbs/role tests	M6 Step 3 read contract (planned)
run.read@v1	proposed-not-registered-not-implemented	3	2	read	none	repo;clone;worktree	none	current-clone-resolves	runs;run-matters;dispatches	none	none	none	verbs/run;store.View;runlock.Probe	Reads durable Runs; the combined CLI mode also probes host advisory locks for liveness.	Authenticated authority snapshot; lock probing is a separate Environment diagnostic and cannot alter Run truth.	internal/verbs/run tests;internal/runlock tests	M6 Step 3 read contract (planned)
reference.read@v1	proposed-not-registered-not-implemented	3	2	read	none	repo	none	repo.identity	reference-membership;shared-aggregates	none	none	none	verbs/tracker refs;store.View	Reads Repo references and their projected aggregate state.	Authenticated deterministic references and aggregate provenance.	internal/verbs/tracker tests	M6 Step 3 read contract (planned)
outbox.read@v1	proposed-not-registered-not-implemented	3	2	read	none	repo	none	repo.identity	outbox-entries;delivery-state	none	none	none	verbs/outbox;store.View	Reads Repo outbox projection.	Authenticated deterministic outbox snapshot.	internal/verbs/outbox tests	M6 Step 3 read contract (planned)
batch.read@v1	proposed-not-registered-not-implemented	9	2	read	none	repo	none	repo.identity	named-batches;membership;batch-state	none	none	none	verbs/batch;store.View	Reads named Batch projections.	Authenticated deterministic named Batch view; anonymous scheduler Batches are not exposed as user-managed membership.	internal/verbs/batch tests	M6 Step 9 read contract (planned)
content.read@v1	proposed-not-registered-not-implemented	6	2;3	read	none	repo;clone;worktree	none	node.exists;content-reference-valid	node-content-index;verified-blob-bytes	none	none	filesystem-read	verbs/content;store content reader	Reads body/brief/workplan/findings through event and local sidecar state.	Authenticated content/index result with verified bytes and provenance; no generic path input.	internal/verbs/content tests;internal/store content tests	M6 Step 6 verified-content tests (planned)
session.read@v1	proposed-not-registered-not-implemented	14	2;3	read	none	repo	none	repo.identity;session-ordering-policy	authority-event-tail;session-slices	none	none	none	verbs/session;readsurface.Derive	Reads legacy domain-wide history and derives session slices locally.	Authenticated Session result uses D124 domain-wide ordering; cursor delivery remains a separate Environment operation.	internal/verbs/session tests	M6 Step 14 contract tests (planned)
matter.create@v1	catalogued-m5	4	2	mutation	provisional	repo	none	repo.matter-locators	repo.matter-locators	newborn-matter-subtree	none	none	operation.Catalogue;provisional command path	Existing M5 provisional Matter birth operation definition and implementation.	Retain only as the compatibility M5 identity; new M6 CLI/adapter contract is matter.create@v2.	internal/operation/catalog_test.go;internal/wipd authority tests	M6 Step 4 tests exercise v2; no new v1 behavior (planned)
matter.create@v2	catalogued-m6	4	2	mutation	provisional	repo	none	repo.matter-locators	repo.matter-locators	newborn-matter-subtree	none	none	verbs/matter;writesurface.CreateMatter	Currently direct local Store.Commit emits matter.created.	Versioned M6 provisional birth identity; preserves unique Repo locator and newborn Matter-only write. Collision records an explicit repair-required event/result.	internal/writesurface birth tests	internal/authoritystore/step12_commands_test.go;internal/wipdauthority/m5_commands_test.go
matter.locator-repair@v1	catalogued-m6	4	2	mutation	authority	repo;clone;worktree	exact	matter.active-claim;matter.locator-repair;repo.matter-locators	Matter;active-claim;repair-required;Repo locator namespace	matter.locator-repair;repo.matter-locators	none	none	M2/D127 locator repair contract;internal/authoritystore/step12_commands.go	A colliding v2 birth retains an assigned unique locator and requires explicit acceptance or rename.	Claim-bound authority operation explicitly accepts the current assigned locator or atomically renames within the Repo namespace; exact `matter.locator-repaired` event clears repair state.	M2/D127 conformance;internal/authoritystore/step12_commands_test.go	internal/authoritystore/step12_commands_test.go;internal/wipd/step4_result_test.go
stage.create@v1	catalogued-m6	4	2	mutation	claim	repo;clone;worktree	exact	matter.active-claim;matter.lifecycle;stage.parent;matter.stage-locators	Matter;active-claim;stage-parent	new-stage-subtree	none	none	verbs/stage;writesurface.CreateStage	Direct local Store.Commit creates Stage beneath an existing Matter.	Authority birth handler requires exact active Matter claim and writes only the new Stage subtree.	internal/writesurface birth tests	internal/authoritystore/step12_commands_test.go;internal/wipdauthority/m5_commands_test.go
step.create@v1	catalogued-m5	4	2	mutation	provisional	repo	implicit-birth	repo.matter-locators;matter.implicit-birth-claim;step.parent;matter.step-locators;step.sibling-sort-key	Matter;implicit-birth-claim;Step-parent;next-locator;sort-key	newborn-step	none	none	operation.Catalogue;provisional command path	Existing M5 provisional Step birth, scoped to a Matter born by that Environment.	Retain only as M5 birth identity; M6 exact-claim Step birth uses step.create@v2.	internal/operation/catalog_test.go;internal/wipd authority tests	M6 Step 4 tests exercise v2; no new v1 behavior (planned)
step.create@v2	catalogued-m6	4	2	mutation	claim	repo;clone;worktree	exact	matter.active-claim;matter.lifecycle;step.parent;matter.step-locators;step.sibling-sort-key	Matter;active-claim;Step-parent;next-locator;sort-key	newborn-step	none	none	verbs/step;writesurface.CreateStep	Direct local Store.Commit creates a Step under a live Matter and derives locator/order.	Exact-claim Step birth; stable parent identity and authority-assigned locator/sort key.	internal/writesurface birth tests	internal/authoritystore/step12_commands_test.go;internal/wipdauthority/m5_commands_test.go
step.insert@v1	catalogued-m6	4	2	mutation	claim	repo;clone;worktree	exact	matter.active-claim;step.parent;step.sibling-set;step.anchor;step.sibling-sort-key	Matter;all-live-siblings;insertion-anchor	newborn-step;step.sibling-set	none	none	verbs/step;writesurface.InsertStep	Direct commit inserts and may rebalance sibling sort keys.	Exact-claim insertion with complete sibling-set footprint; event order preserves insertion and any rebalance.	internal/writesurface amendment tests	internal/authoritystore/step12_commands_test.go;internal/wipdauthority/m5_commands_test.go
step.reorder@v1	catalogued-m6	4	2	mutation	claim	repo;clone;worktree	exact	matter.active-claim;step.parent;step.sibling-set;step.order-permutation	Matter;all-live-siblings	step.sibling-set	none	none	verbs/step;writesurface.ReorderStep	Direct commit rewrites order for the complete live sibling set.	Exact-claim reorder validates a complete permutation and writes only that Matter's sibling order.	internal/writesurface amendment tests	internal/authoritystore/step12_commands_test.go;internal/wipdauthority/m5_commands_test.go
step.replace@v1	catalogued-m6	4	2	mutation	claim	repo;clone;worktree	exact	matter.active-claim;step.live;step.next-locator	Matter;old-Step;next-locator	step.tombstone;replacement-step	none	none	verbs/step;writesurface.ReplaceStep	Direct commit tombstones the selected Step and births its replacement.	Exact-claim replace preserves the identity boundary and writes only one Matter subtree.	internal/writesurface amendment tests	internal/authoritystore/step12_commands_test.go;internal/wipdauthority/m5_commands_test.go
step.remove@v1	catalogued-m6	4	2	mutation	claim	repo;clone;worktree	exact	matter.active-claim;step.live;step.removal-reason	Matter;selected-Step	step.tombstone	none	none	verbs/step;writesurface.RemoveStep	Direct commit removes one live Step with a required reason.	Exact-claim removal writes only the selected Matter subtree.	internal/writesurface amendment tests	internal/authoritystore/step12_commands_test.go;internal/wipdauthority/m5_commands_test.go
step.start@v1	catalogued-m5	5	2	mutation	claim	repo;clone;worktree	exact	matter.active-claim;matter.lifecycle;step.lifecycle	Matter;ancestor-chain;Step	matter.lifecycle;step.lifecycle	none	none	operation.Catalogue;M5 lifecycle handler	Authenticated claim handler preserves root-first ancestor cascade and exact Step identity.	Keep current exact operation identity and typed result; Step 5 supplies remaining lifecycle operations.	internal/operation/catalog_test.go;internal/authoritystore tests	M6 Step 5 lifecycle tests (planned)
matter.start@v1	proposed-not-registered-not-implemented	5	2	mutation	claim	repo;clone;worktree	exact	matter.active-claim;matter.lifecycle	Matter	matter.lifecycle	none	none	verbs/lifecycle;writesurface.Start	Direct lifecycle start can cascade from target through planned ancestors.	Exact active Matter claim; Matter-only transition with guarded current state.	internal/writesurface lifecycle tests	M6 Step 5 lifecycle tests (planned)
stage.start@v1	proposed-not-registered-not-implemented	5	2	mutation	claim	repo;clone;worktree	exact	matter.active-claim;stage.lifecycle;ancestor-lifecycle	Matter;ancestor-chain;Stage	matter.lifecycle;stage.lifecycle	none	none	verbs/lifecycle;writesurface.Start	Direct lifecycle start may start planned ancestors before target.	Exact claim; root-first ancestor cascade is an atomic single-Matter write.	internal/writesurface lifecycle tests	M6 Step 5 lifecycle tests (planned)
matter.pause@v1	proposed-not-registered-not-implemented	5	2	mutation	claim	repo;clone;worktree	exact	matter.active-claim;matter.lifecycle	Matter	matter.lifecycle	none	none	verbs/lifecycle;writesurface.Pause	Direct transition requires InProgress.	Exact-claim Matter pause with existing transition graph guard.	internal/writesurface lifecycle tests	M6 Step 5 lifecycle tests (planned)
stage.pause@v1	proposed-not-registered-not-implemented	5	2	mutation	claim	repo;clone;worktree	exact	matter.active-claim;stage.lifecycle	Matter;Stage	stage.lifecycle	none	none	verbs/lifecycle;writesurface.Pause	Direct transition requires InProgress.	Exact-claim Stage pause with existing transition graph guard.	internal/writesurface lifecycle tests	M6 Step 5 lifecycle tests (planned)
step.pause@v1	proposed-not-registered-not-implemented	5	2	mutation	claim	repo;clone;worktree	exact	matter.active-claim;step.lifecycle	Matter;Step	step.lifecycle	none	none	verbs/lifecycle;writesurface.Pause	Direct transition requires InProgress.	Exact-claim Step pause with existing transition graph guard.	internal/writesurface lifecycle tests	M6 Step 5 lifecycle tests (planned)
matter.resume@v1	proposed-not-registered-not-implemented	5	2	mutation	claim	repo;clone;worktree	exact	matter.active-claim;matter.lifecycle	Matter	matter.lifecycle	none	none	verbs/lifecycle;writesurface.Resume	Direct transition requires Paused.	Exact-claim Matter resume with existing transition graph guard.	internal/writesurface lifecycle tests	M6 Step 5 lifecycle tests (planned)
stage.resume@v1	proposed-not-registered-not-implemented	5	2	mutation	claim	repo;clone;worktree	exact	matter.active-claim;stage.lifecycle	Matter;Stage	stage.lifecycle	none	none	verbs/lifecycle;writesurface.Resume	Direct transition requires Paused.	Exact-claim Stage resume with existing transition graph guard.	internal/writesurface lifecycle tests	M6 Step 5 lifecycle tests (planned)
step.resume@v1	proposed-not-registered-not-implemented	5	2	mutation	claim	repo;clone;worktree	exact	matter.active-claim;step.lifecycle	Matter;Step	step.lifecycle	none	none	verbs/lifecycle;writesurface.Resume	Direct transition requires Paused.	Exact-claim Step resume with existing transition graph guard.	internal/writesurface lifecycle tests	M6 Step 5 lifecycle tests (planned)
matter.cancel@v1	proposed-not-registered-not-implemented	5	2	mutation	claim	repo;clone;worktree	exact	matter.active-claim;matter.lifecycle;cancel-reason	Matter	matter.lifecycle	none	none	verbs/lifecycle;writesurface.Cancel	Direct transition requires InProgress; caller may derive cursor handoff afterward.	Exact-claim cancellation; typed transition result separates semantic event from local handoff.	internal/writesurface lifecycle tests	M6 Step 5 lifecycle tests (planned)
stage.cancel@v1	proposed-not-registered-not-implemented	5	2	mutation	claim	repo;clone;worktree	exact	matter.active-claim;stage.lifecycle;cancel-reason	Matter;Stage	stage.lifecycle	none	none	verbs/lifecycle;writesurface.Cancel	Direct transition requires InProgress.	Exact-claim Stage cancellation with existing transition guard.	internal/writesurface lifecycle tests	M6 Step 5 lifecycle tests (planned)
step.cancel@v1	proposed-not-registered-not-implemented	5	2	mutation	claim	repo;clone;worktree	exact	matter.active-claim;step.lifecycle;cancel-reason	Matter;Step	step.lifecycle	none	none	verbs/lifecycle;writesurface.Cancel	Direct transition requires InProgress.	Exact-claim Step cancellation with existing transition guard.	internal/writesurface lifecycle tests	M6 Step 5 lifecycle tests (planned)
stage.finish@v1	proposed-not-registered-not-implemented	5	2	mutation	claim	repo;clone;worktree	exact	matter.active-claim;stage.lifecycle	Matter;Stage	stage.lifecycle	none	none	verbs/lifecycle;writesurface.FinishWithEnvResult	Direct finish transition; only Matter finish currently computes seal-time Batch sweep.	Exact-claim Stage finish; no implied Matter seal or Batch sweep.	internal/writesurface lifecycle tests	M6 Step 5 lifecycle tests (planned)
matter.finish@v1	catalogued-m5	5	2	mutation	authority	repo;clone;worktree	exact	matter.active-claim;matter.lifecycle;anonymous-batch.lifecycle	Matter;NodeCompletion-before-and-after;anonymous-Batch	matter.lifecycle;anonymous-batch.lifecycle	none	none	operation.Catalogue;M5 authority handler	Authority transaction emits matter.finished and batch.swept only when this finish crosses the seal predicate; M6 Environment render remains separate.	Retain statically authority-class delivery, exact active-claim fence, atomic optional Batch sweep, and typed BecameSealed result.	internal/operation/catalog_test.go;internal/authoritystore tests	M6 Step 5 lifecycle tests; Step 19 render tests (planned)
step.finish@v1	catalogued-m5	5	2	mutation	claim	repo;clone;worktree	exact	matter.active-claim;step.lifecycle	Matter;Step	step.lifecycle	none	none	operation.Catalogue;M5 lifecycle handler	Authenticated claim handler finishes exact Step; no implicit seal-time render effect.	Retain exact operation and typed state result; no Batch sweep is implied by this node-local finish.	internal/operation/catalog_test.go;internal/authoritystore tests	M6 Step 5 lifecycle tests (planned)
content.write-once@v1	catalogued-m5	6	2	mutation	claim	repo;clone;worktree	exact	matter.active-claim;node.content	Matter;Node;existing-content-kind	node.content	content(required)	none	operation.Catalogue;M5 content handler	Authenticated claim write consumes staged bytes and folds one write-once content event.	Retain exact M5 operation; caller stages bytes, authority verifies digest/length and owns the content event.	internal/operation/catalog_test.go;internal/wipdseed tests	M6 Step 6 content tests (planned)
finding.append@v1	catalogued-m5	6	2	mutation	claim	repo;clone;worktree	exact	matter.active-claim;node.content	Matter;Node;finding-history	node.finding-segments	content(required)	none	operation.Catalogue;M5 content handler	Authenticated claim appends one Matter/Step finding segment from staged bytes.	Retain exact claim-scoped identity; BacklogEntry findings use distinct capture operation.	internal/operation/catalog_test.go;internal/wipdseed tests	M6 Step 6 content tests (planned)
backlog.finding.append@v1	proposed-not-registered-not-implemented	16	2	mutation	capture	repo;clone;worktree	none	backlog.entry-live;backlog.entry-content	BacklogEntry;finding-history	backlog-entry.finding-segments	content(required)	none	verbs/content;writesurface.AppendFinding	Current shared finding writer accepts a BacklogEntry subject as well as Matter/Step subjects.	BacklogEntry-keyed capture identity; cannot write Matter/Step state or shared outbox aggregates.	internal/writesurface content tests	M6 Step 16 capture tests (planned)
dependency.add@v1	proposed-not-registered-not-implemented	8	2	mutation	authority	repo	none	dependency.endpoints-live;dependency.cycle-check;cross-matter-scope	both-nodes;dependency-graph	dependency-edge;readiness-projections	none	none	verbs/depend;writesurface.DependAdd	Direct commit can connect nodes across Matters and changes readiness graph.	Authority-class graph mutation; guard and projection footprint are cross-Matter.	internal/writesurface dependency tests	M6 Step 8 tests (planned)
dependency.remove@v1	proposed-not-registered-not-implemented	8	2	mutation	authority	repo	none	dependency.endpoints-live;dependency.edge-exists;cross-matter-scope	both-nodes;dependency-edge	dependency-edge;readiness-projections	none	none	verbs/depend;writesurface.DependRemove	Direct commit removes a live cross-Matter dependency.	Authority-class graph mutation with transactional edge and readiness update.	internal/writesurface dependency tests	M6 Step 8 tests (planned)
gate.declare@v1	proposed-not-registered-not-implemented	7	2	mutation	authority	repo	none	gate-order;declaration-unique;sealed-node-scope	repo-gates;all-sealed-nodes	gate.declaration;gate-projections	none	none	store.DeclareGate;verbs/gate	Direct evented config mutation reads Repo-wide completion and may affect every Matter.	Authority-class gate declaration under exact gate-order/seal guards.	internal/store/config tests;internal/verbs/gate tests	M6 Step 7 tests (planned)
gate.exemption.repair@v1	proposed-not-registered-not-implemented	7	2	mutation	authority	repo	none	incident-authority;exemption-state;gate-history	repo-gates;affected-nodes	gate.exemption;gate-projections	none	none	store.RepairGateExemption;verbs/gate	Direct evented config repair is Repo-wide and incident guarded.	Authority-class evented repair with explicit incident context and no generic config write.	internal/store/config tests;internal/verbs/gate tests	M6 Step 7 tests (planned)
gate.close@v1	proposed-not-registered-not-implemented	7	2;5;19	mutation	authority	repo;clone;worktree	none	gate.open;node.done;gate.owner;anonymous-batch.lifecycle	Matter;NodeCompletion;gate;anonymous-Batch	gate.closed;optional-batch.swept	none	none	writesurface.CloseGateWithEnvResult;render	Current close may atomically sweep Batch and then performs local alignment/render on seal.	Authority-class gate event and optional Batch sweep; seal-triggered checkout alignment/render is a separate Step 19 Environment effect.	internal/writesurface gate tests;internal/render tests	M6 Step 7 and 19 tests (planned)
gate.dismiss@v1	proposed-not-registered-not-implemented	7	2;5;19	mutation	authority	repo;clone;worktree	none	gate.open;node.done;reason-required;anonymous-batch.lifecycle	Matter;NodeCompletion;gate;anonymous-Batch	gate.dismissed;optional-batch.swept	none	none	writesurface.DismissGateWithEnvResult;render	Current dismissal may sweep Batch and then performs local alignment/render on seal.	Authority-class dismissal and optional sweep; Environment render is a distinct authenticated effect.	internal/writesurface gate tests;internal/render tests	M6 Step 7 and 19 tests (planned)
reference.bind@v1	proposed-not-registered-not-implemented	8	2	mutation	authority	repo	none	reference-valid;reference-membership;push-level-snapshot	Matter;references;shared-reference-members	reference-membership;shared-aggregate;optional-outbox-candidate	none	none	verbs/bind;writesurface.Bind	Direct bind can alter a shared cross-Matter aggregate and queue tracker candidate.	Authority operation owns membership and aggregate; no provider contact in semantic transaction.	internal/writesurface bind tests	M6 Step 8 tests (planned)
reference.unbind@v1	proposed-not-registered-not-implemented	8	2	mutation	authority	repo	none	reference-membership;shared-aggregate	reference-members;all-bound-matters	reference-membership;shared-aggregate;optional-outbox-candidate	none	none	verbs/bind;writesurface.Unbind	Direct unbind recomputes all remaining members of a shared reference.	Authority operation owns all affected members and aggregate.	internal/writesurface bind tests	M6 Step 8 tests (planned)
reference.rebind@v1	proposed-not-registered-not-implemented	8	2	mutation	authority	repo	none	reference.source-membership;reference.destination-aggregate	both-reference-aggregates;all-bound-matters	source-membership;destination-membership;both-aggregates;optional-outbox-candidates	none	none	verbs/bind;writesurface.Rebind	Direct rebind touches source and destination shared aggregates.	Authority-class two-aggregate write in one transaction.	internal/writesurface bind tests	M6 Step 8 tests (planned)
batch.create@v1	proposed-not-registered-not-implemented	9	2	mutation	authority	repo	none	batch.name-unique	repo-batches	named-batch	none	none	verbs/batch;writesurface.CreateBatch	Creates a user-named Batch in local Repo state.	Authority-class named Batch birth with stable name uniqueness.	internal/writesurface batch tests	M6 Step 9 tests (planned)
batch.join@v1	proposed-not-registered-not-implemented	9	2	mutation	authority	repo	none	batch.open;matter.live;membership-unique	Batch;Matter;membership	batch.membership	none	none	verbs/batch;writesurface.JoinBatch	Adds a Matter to a named Batch.	Authority-class named membership mutation; does not infer anonymous Batch identity.	internal/writesurface batch tests	M6 Step 9 tests (planned)
batch.leave@v1	proposed-not-registered-not-implemented	9	2	mutation	authority	repo	none	batch.membership-exists	Batch;Matter;membership	batch.membership	none	none	verbs/batch;writesurface.LeaveBatch	Removes named Batch membership.	Authority-class exact membership removal.	internal/writesurface batch tests	M6 Step 9 tests (planned)
batch.dismiss@v1	proposed-not-registered-not-implemented	9	2	mutation	authority	repo	none	batch.open;batch.membership;batch-state	Batch;all-members	batch.dismissed;member-projections	none	none	verbs/batch;writesurface.DismissBatch	Dismisses one named Batch and affects member projections.	Authority-class aggregate mutation across the complete membership.	internal/writesurface batch tests	M6 Step 9 tests (planned)
batch.create-anonymous@v1	proposed-not-registered-not-implemented	10	2;15	mutation	authority	repo;clone;worktree	none	active-claim-or-run;anonymous-batch-unique	current-claim;Run;Worktree;anonymous-Batch	anonymous-batch	none	none	writesurface.CreateAnonymousBatch;authority claim/scheduler paths	Anonymous Batch is created by M5 claim acquisition and scheduler orchestration, not user CLI.	Authority-owned scheduler/claim orchestration only; never exposed as generic named Batch create.	internal/writesurface batch tests;internal/scheduler tests	M6 Step 10/15 tests (planned)
run.stand-down@v1	proposed-not-registered-not-implemented	10	2;20	mutation	authority	repo;clone;worktree	none	run.open;current-clone-owns-run;free-runtime-lock;all-open-dispatches	Run;Dispatches;Environment-lock	Run.stood-down;Dispatch.closed*;projection-state	none	runtime-lock	writesurface.StandDownRun;runlock	Direct operation acquires/probes host lock and writes Run plus Dispatch outcomes.	Authority owns Run/Dispatch truth; Environment lock is an explicit precondition/read, not semantic truth.	internal/writesurface run tests;internal/runlock tests	M6 Step 10 tests (planned)
scheduler.orchestrate@v1	proposed-not-registered-not-implemented	10	2	mutation	authority	repo;clone;worktree	none	Run.open;batch.open;cap;ready-frontier;role-activation;transition-guards	Run;Batch;Ready-frontier;dependencies;gates;roles	Run;Dispatch;Batch;Step-lifecycle;Role;outbox-candidates	none	agent-hook	internal/scheduler.Orchestrate;writesurface	Non-CLI scheduler reads/commits across multiple work units and invokes injected Work/Plan/Ask/PostSeal hooks.	Authority-owned orchestration; hook identity/results are typed effects with separate idempotency and no generic callback/path command.	internal/scheduler tests	M6 Step 10 orchestration tests (planned)
scheduler.resume@v1	proposed-not-registered-not-implemented	10	2;20	mutation	authority	repo;clone;worktree	none	Run.open;stale-dispatch;runtime-lock;orphan-dispatches	Run;Dispatches;lock-state	Dispatch.closed(reaped);Run-resume-state;projection-state	none	runtime-lock;agent-hook	internal/scheduler.Resume;runlock	Non-CLI recovery acquires lock and reaps orphan Dispatches before resuming scheduler state.	Authenticated authority resume with Environment lock proof and deterministic recovery order.	internal/scheduler resume tests	M6 Step 10 resume tests (planned)
dispatch.open@v1	proposed-not-registered-not-implemented	10	2;19	mutation	authority	repo;clone;worktree	none	no-current-open-dispatch;current-worktree	Dispatches;render-snapshot	Dispatch.opened	none	filesystem-read	internal/render/dispatch.go;internal/scheduler	Current render/scheduler opens Dispatch while reading current checkout and generated state.	Authority Dispatch open has explicit snapshot and Environment context; not an arbitrary checkout path operation.	internal/render tests;internal/scheduler tests	M6 Step 10/19 tests (planned)
dispatch.close@v1	proposed-not-registered-not-implemented	10	2;19	mutation	authority	repo;clone;worktree	none	Dispatch.open;close-reason;owner	Dispatch;roles;Run	Dispatch.closed;role-projections	none	none	internal/render/dispatch.go;internal/scheduler	Closes or supersedes Dispatch in local Store.Commit.	Authority owns Dispatch and role truth; Environment scratch removal is separate.	internal/render tests;internal/scheduler tests	M6 Step 10/19 tests (planned)
dispatch.reap@v1	proposed-not-registered-not-implemented	10	2;19	mutation	authority	repo;clone;worktree	none	Dispatch.stale-or-orphan;reaper-policy	Dispatches;Run	Dispatch.closed(reaped);projection-state	none	none	internal/scheduler.Resume;internal/render.Clean	Reaps stale/orphan Dispatches; callers also remove local scratch.	Authority reaper has explicit stale policy; Environment scratch cleanup is separately authenticated.	internal/scheduler tests;internal/render tests	M6 Step 10/19 tests (planned)
role.spawn@v1	proposed-not-registered-not-implemented	10	2	mutation	claim	repo;clone;worktree	exact	Dispatch.open;role.active;role.unique	Matter;Dispatch;active-roles	Role.spawned	none	none	verbs/role;writesurface.SpawnRole	Direct role spawn requires active Dispatch and configured role activation.	Claim-scoped role spawn with exact current work context; scheduler-owned spawn uses Step 10 authority path.	internal/writesurface role tests	M6 Step 10 tests (planned)
role.close@v1	proposed-not-registered-not-implemented	10	2	mutation	claim	repo;clone;worktree	exact	Dispatch.open;role.owned;role.live	Matter;Dispatch;Role	Role.closed	none	none	verbs/role;writesurface.CloseRole	Closes the matching open role in current Dispatch.	Claim-scoped role close; scheduler close remains internal authority orchestration.	internal/writesurface role tests	M6 Step 10 tests (planned)
route.resolve@v1	proposed-not-registered-not-implemented	11	2	read	none	repo;clone;worktree	none	canonical-git-common-dir;remote-identity;route-unique	Git-common-dir;remotes;configured-routes	none	none	git-read	internal/tiers;internal/wipd routing	Current tier initialization and relink resolve Git metadata directly in CLI process.	Environment-local D115 route discovery returns verified stable route context only; no arbitrary filesystem path crosses semantic IPC.	internal/tiers tests	M6 Step 11 route tests (planned)
repo.create-local@v1	proposed-not-registered-not-implemented	11	2	mutation	authority	repo;clone;worktree	none	remote-less-route;repo-key-unique	route;repo-key-floor	Repo;Clone;Worktree	none	git-read	internal/tiers.Init	Current `init` can birth local Repo/Clone/Worktree rows after local Git discovery.	Remote-less creation uses the explicit verified route result; tier identity writes remain authority-owned.	internal/tiers tests	M6 Step 11 tests (planned)
environment.attach-once@v1	proposed-not-registered-not-implemented	11	2	mutation	authority	repo;clone;worktree	none	one-use-attach-grant;route-match;not-already-consumed	grant;Repo;Clone;Worktree	Clone;Worktree;grant-consumed	none	git-read	internal/tiers.Init;internal/wipd route	Current `init` directly attaches current Clone/Worktree after Git discovery.	One-use attach binds exact verified route identity; GrantStart/1 is not changed or inferred from journal identity.	internal/tiers tests	M6 Step 11 attach tests (planned)
repo.adopt-remote@v1	proposed-not-registered-not-implemented	11	2	mutation	authority	repo;clone;worktree	none	remote-matches-unadopted-repo;route-unique	Git-remotes;Repo-key;legacy-local-Repo	Repo-key-adoption;route-index	none	git-read	internal/tiers.AdoptIfPossible	Current resolution can append repo.key-adopted as a side effect of a read-like command.	Explicit D116 adoption command after Environment remote proof; ordinary reads never adopt implicitly.	internal/tiers adoption tests	M6 Step 11 tests (planned)
environment.certificate.renew@v1	proposed-not-registered-not-implemented	12	2	mutation	environment	repo;clone;worktree	none	certificate-expiry;key-ownership;epoch-current	Environment-identity;certificate;key	certificate;epoch	none	filesystem-write	internal/wipd identity control	Certificate renewal currently belongs to authenticated Environment identity control, not domain events.	Environment-local authenticated renewal; key material never becomes an operation field or host mount.	internal/wipd identity tests	M6 Step 12 tests (planned)
environment.certificate.rotate@v1	proposed-not-registered-not-implemented	12	2	mutation	environment	repo;clone;worktree	none	rotation-authorized;epoch-fence;old-key-state	Environment-identity;certificate;key	new-key;new-certificate;epoch	none	filesystem-write	internal/wipd identity control	No M1 CLI mode; identity material is daemon-owned.	Environment identity rotation with explicit epoch transition and no domain-store write.	internal/wipd identity tests	M6 Step 12 tests (planned)
environment.identity.recover@v1	proposed-not-registered-not-implemented	12	2	mutation	environment	repo;clone;worktree	none	lost-key-proof;recovery-authority;epoch-fence	Environment-identity;recovery-proof	new-key;certificate;epoch	none	filesystem-write	internal/wipd identity control	No M1 CLI mode; recovery currently owner-specific control surface.	Recovery creates a new fenced identity; never derives authorization from old local journal state.	internal/wipd identity tests	M6 Step 12 tests (planned)
environment.identity.revoke@v1	proposed-not-registered-not-implemented	12	2	mutation	authority	repo	none	identity-current;revocation-authority	Environment-identity;certificates	revocation-record;epoch-fence	none	none	internal/wipd authority identity control	No M1 CLI mode; revocation is authority control, not local semantic mutation.	Authority-class revocation invalidates the exact Environment identity and credential epoch.	internal/wipd authority tests	M6 Step 12 tests (planned)
tier.enroll@v1	proposed-not-registered-not-implemented	13	2	mutation	authority	repo;clone;worktree	none	Repo-key-unique;Clone-common-dir-unique;Worktree-unique	Repo;Clone;Worktree;labels	Repo;Clone;Worktree	none	git-read	internal/tiers.Init	Current init combines route discovery and Repo/Clone/Worktree writes.	Tier enrollment writes authority identities after Step 11 has resolved and verified the route.	internal/tiers tests	M6 Step 13 tests (planned)
clone.read@v1	proposed-not-registered-not-implemented	13	2;3	read	none	repo	none	repo.exists	Repo;Clones;labels	none	none	git-read	verbs/clone	Lists host-known clones from projections; optional Git discovery is local.	Authenticated clone inventory; Step 11 supplies optional verified current-route context.	internal/verbs/clone tests	M6 Step 13 tests (planned)
clone.relink@v1	proposed-not-registered-not-implemented	13	2;11	mutation	authority	repo;clone;worktree	none	clone.exists;new-common-dir-unique;route-proof	Clone;Repo;route-proof	Clone.common-dir;route-index	none	git-read	internal/tiers.Relink	Current relink discovers local Git path then mutates Clone row.	Authority relink consumes Step 11 verified route proof; does not run Git or move checkout.	internal/tiers relink tests	M6 Step 13 tests (planned)
clone.label@v1	proposed-not-registered-not-implemented	13	2	mutation	authority	repo;clone	none	clone.exists;label-unique	Repo;Clones;labels	Clone.label	none	none	internal/tiers.SetLabel	Updates one Clone label after Repo-wide uniqueness guard.	Authority tier administration with exact Clone identity.	internal/tiers label tests	M6 Step 13 tests (planned)
cursor.set@v1	proposed-not-registered-not-implemented	14	2	mutation	environment	repo;clone;worktree	none	current-worktree;target-resolves	Worktree;target-node	cursor.moved;cursor-projection	none	git-read	internal/readsurface.SetCursor	Writes environment-specific Worktree cursor with direct Store.Commit.	Environment delivery D125; stable Worktree binding and event position are verified locally.	internal/readsurface cursor tests	M6 Step 14 tests (planned)
cursor.clear@v1	proposed-not-registered-not-implemented	14	2	mutation	environment	repo;clone;worktree	none	current-worktree	Worktree;current-cursor	cursor.moved(clear);cursor-projection	none	git-read	internal/readsurface.ClearCursor	Clears current Worktree cursor if set; no-op when already clear.	Environment delivery D125 with idempotent clear semantics.	internal/readsurface cursor tests	M6 Step 14 tests (planned)
claim.stand-down@v1	proposed-not-registered-not-implemented	15	2	mutation	authority	repo;clone;worktree	exact	claim.current;owner-current;other-environments;epoch	claim;all-environment-claims	claim.stood-down;claim-journal-fences	none	none	internal/authoritystore claim controls	Current release/stand-down flows are M5 authority controls with local journal coordination.	D126 authority-class cross-Environment stand-down; exact claim and epoch fence.	internal/authoritystore claim tests	M6 Step 15 tests (planned)
claim-journal.repair@v1	proposed-not-registered-not-implemented	15	2	mutation	environment	repo;clone;worktree	exact	claim-owner;authority-epoch;current-generation;quarantine-state	current-claim-journal;repair-evidence	new-open-generation;repair-receipt	none	filesystem-write	internal/wipdjournal;internal/wipd authority controls	M5 journal repair is authenticated local journal work bound to claim/epoch.	Authenticated repair advances persisted generation identity only from a verified authority result; stale/quarantined states block.	internal/wipdjournal tests	M6 Step 15 repair tests (planned)
claim-journal.close@v1	authenticated-control-existing	15	2	mutation	environment	repo;clone;worktree	exact	current-owner;authority-epoch;Environment-binding;current-open-generation;receipt-barrier	claim-journal;ordered-receipts;authority-tail;manifest	journal-ack;sealed-binding;release-ready	none	filesystem-write	internal/wipdjournal;internal/wipdauthority authenticated controls	M5 Step 16 authenticates current-journal lookup, ordered ACK, and seal; release waits on receipt barrier.	Existing authenticated control remains exact-generation scoped; unscoped ACK/seal is never exposed over IPC. M6 owner Step 15 adds repair and cross-Environment coordination.	internal/wipdjournal tests;internal/wipdauthority tests	M6 Step 15 close/recovery tests (planned)
backlog.add@v1	proposed-not-registered-not-implemented	16	2;17	mutation	authority	repo	none	Repo-config-current;title-required;optional-origin-live;entry-id-new	Repo;tracker-backlog-push;backend;optional-origin	BacklogEntry.entered;optional-outbox-delegation;optional-outbox-candidate	none	none	verbs/backlog;writesurface.BacklogAdd	Direct add reads evented config and may atomically delegate to shared outbox under auto mode.	Authority-class to preserve conditional shared outbox footprint; it is not capture-eligible until config-dependent delegation is separately versioned.	internal/writesurface backlog tests	M6 Step 16 entry-key tests; Step 17 outbox tests (planned)
backlog.plan@v1	proposed-not-registered-not-implemented	16	2;4	mutation	authority	repo	none	backlog.entered;Matter-live;Matter-not-consumed	BacklogEntry;Matter;locator	backlog.planned;Matter-link	none	none	verbs/backlog;writesurface.BacklogPlan	Consumes one entered entry into an existing Matter.	Authority-class because it crosses the BacklogEntry boundary into existing Matter state.	internal/writesurface backlog tests	M6 Step 16 tests (planned)
backlog.decline@v1	proposed-not-registered-not-implemented	16	2	mutation	capture	repo	none	backlog.entry-entered;reason-required;entry-key-exact	BacklogEntry;entry-state	backlog.declined	none	none	verbs/backlog;writesurface.BacklogDecline	Direct decline writes only one entered entry and required reason.	BacklogEntry-keyed capture; exact entry-local footprint.	internal/writesurface backlog tests	M6 Step 16 capture tests (planned)
backlog.delegate@v1	proposed-not-registered-not-implemented	17	2	mutation	authority	repo	none	backlog.entry-entered;outbox-id-new;idempotency-key-unique	BacklogEntry;outbox;tracker-config	backlog.delegated;outbox.create	none	none	verbs/backlog;writesurface.BacklogDelegate	Creates shared outbox delivery work for one entry.	Authority-class shared outbox mutation; provider contact is deferred to Step 18.	internal/writesurface backlog tests	M6 Step 17 tests (planned)
tracker.config.read@v1	proposed-not-registered-not-implemented	17	2	read	none	repo	none	repo.identity	tracker-config;effective-config	none	none	none	verbs/outbox;store.Config	Reads Repo tracker/outbox configuration directly.	Authenticated authority config snapshot; no provider contact.	internal/verbs/outbox tests	M6 Step 17 tests (planned)
tracker.config.set@v1	proposed-not-registered-not-implemented	17	2	mutation	authority	repo	none	config-key-allowlist;value-valid;repo-scope	repo-config;provider-registration	config.set;effective-config	none	none	store.SetConfig;verbs/outbox	Evented local setters update tracker/outbox keys; no provider contact.	Authority evented key-specific config mutation; no generic arbitrary key/value SQL command and no provider contact.	internal/store/config tests;internal/verbs/outbox tests	M6 Step 17 tests (planned)
outbox.approve@v1	proposed-not-registered-not-implemented	17	2	mutation	authority	repo	none	outbox.queued;human-approval-boundary	outbox-entry	outbox.approved	none	none	verbs/outbox;writesurface.OutboxApprove	Records explicit human approval.	Authority event records approval only; no provider call.	internal/writesurface outbox tests	M6 Step 17 tests (planned)
outbox.decline@v1	proposed-not-registered-not-implemented	17	2	mutation	authority	repo	none	outbox.eligible;reason-required	outbox-entry	outbox.declined	none	none	verbs/outbox;writesurface.OutboxDecline	Records terminal human disposition.	Authority event records decline only; no provider call.	internal/writesurface outbox tests	M6 Step 17 tests (planned)
outbox.retry@v1	proposed-not-registered-not-implemented	17	2	mutation	authority	repo	none	outbox.failed-or-withheld	outbox-entry	outbox.retried	none	none	verbs/outbox;writesurface.OutboxRetry	Makes failed/withheld entry eligible for another seam call.	Authority event records explicit retry only; stable idempotency identity remains unchanged.	internal/writesurface outbox tests	M6 Step 17 tests (planned)
tracker.proposal.create@v1	proposed-not-registered-not-implemented	17	2	mutation	authority	repo	none	proposal-input-valid;Repo-scope	Repo;proposal-identity	tracker.adhoc-proposed	none	none	verbs/tracker;writesurface.proposeTracker	Queues an explicit tracker proposal without contacting provider.	Authority proposal mutation; external provider effect is Step 18 only.	internal/writesurface tracker tests	M6 Step 17 tests (planned)
tracker.proposal.comment@v1	proposed-not-registered-not-implemented	17	2	mutation	authority	repo	none	proposal-input-valid;target-reference-valid	Repo;proposal-target	tracker.adhoc-proposed;outbox-candidate	none	none	verbs/tracker;writesurface.proposeTracker	Queues an ad-hoc comment proposal.	Authority proposal/outbox mutation; no provider contact.	internal/writesurface tracker tests	M6 Step 17 tests (planned)
tracker.proposal.state@v1	proposed-not-registered-not-implemented	17	2	mutation	authority	repo	none	proposal-input-valid;target-reference-valid	Repo;proposal-target	tracker.adhoc-proposed;outbox-candidate	none	none	verbs/tracker;writesurface.proposeTracker	Queues a tracker state proposal.	Authority proposal/outbox mutation; no provider contact.	internal/writesurface tracker tests	M6 Step 17 tests (planned)
tracker.capabilities.read@v1	proposed-not-registered-not-implemented	18	2	read	none	repo	none	provider-registered;credential-source-available	provider-registry;credential-presence	none	none	filesystem-read	verbs/tracker capabilities;tracker.Registry	Resolves installed provider capabilities and local credential presence; may inspect environment/config.	Environment-local provider capability result; credential values never enter semantic operation metadata or authority store.	internal/tracker tests	M6 Step 18 tests (planned)
tracker.read@v1	proposed-not-registered-not-implemented	18	2	read	none	repo	none	provider-config-valid;credential-authorized;target-valid	tracker-config;credential-source;provider-target	none	none	tracker-read	verbs/tracker read;tracker.Provider	Makes provider HTTP reads using local credentials.	Environment provider effect with explicit idempotency/credential boundary; no tracker state write.	internal/tracker provider tests	M6 Step 18 tests (planned)
outbox.flush@v1	proposed-not-registered-not-implemented	18	2;17	mutation	environment	repo;clone;worktree	none	outbox-approved;provider-config-valid;idempotency-key-stable	outbox-entry;tracker-config;provider-result	outbox-delivery-outcome;tracker-reference	none	tracker-read;tracker-write	verbs/outbox;tracker.Provider;writesurface outbox results	Contacts provider and records typed success, observed state, refusal, or retryable failure.	Environment-delivered provider effect plus exact authority receipt/outcome; stable provider idempotency key and explicit lost-response recovery.	internal/tracker tests;internal/writesurface outbox tests	M6 Step 18 provider idempotency tests (planned)
tracker.item.confirm@v1	proposed-not-registered-not-implemented	18	2;17	mutation	authority	repo	none	outbox.create-approved;provider-reference-present	outbox-entry;provider-result	tracker.item-created;outbox-projection	none	none	writesurface.ConfirmBacklogDelegation;tracker.Provider	After provider create, local code commits the returned reference.	Authority records a verified provider result under exact idempotency receipt; provider call remains outside semantic transaction.	internal/writesurface backlog tests	M6 Step 18 tests (planned)
render.refresh@v1	proposed-not-registered-not-implemented	19	2;10	mutation	environment	repo;clone;worktree	none	current-checkout-verified;tracked-wip-refused;dispatch-policy;content-snapshot	Repo;Clone;Worktree;Dispatch;render-snapshot;git-index	.generated-files;dispatch-scratch;git-exclude;render.performed;dispatch-events	none	filesystem-read;filesystem-write;git-read	internal/render.Refresh;internal/render.Render	Opens/reuses Dispatch, checks tracked .wip, writes/prunes generated files and scratch, may alter .git/info/exclude and commits authority events.	Authenticated Environment handler coordinates authority Dispatch/render event and bounded local checkout writes; no generic path input; failure ordering is explicit.	internal/render tests	M6 Step 19 acceptance tests (planned)
render.sealed-node@v1	proposed-not-registered-not-implemented	19	2;5;7	mutation	environment	repo;clone;worktree	none	authority-seal-result;current-checkout-verified;content-alignment	Matter;NodeCompletion;content;tracker-alignment	generated-files;render.performed	none	filesystem-read;filesystem-write;tracker-read	internal/render post-seal alignment	After Matter/gate seal, current CLI may read tracker alignment then write final generated files.	Environment-local authenticated post-seal effect; explicitly not implied by Step 5/7 authority finish operation.	internal/render tests	M6 Step 19 ordering/failure tests (planned)
dispatch.scratch.remove@v1	proposed-not-registered-not-implemented	19	2;10	mutation	environment	repo;clone;worktree	none	current-worktree;dispatch-closed-or-owned	Worktree;Dispatch;local-scratch-index	dispatch-scratch-files	none	filesystem-write	internal/render.CloseExplicit;internal/render.Clean	Closes Dispatch locally then removes scratch tree, or removes stale/unknown scratch during clean.	Environment file effect uses authenticated Dispatch identity and exact owned scratch subtree; never arbitrary path.	internal/render tests	M6 Step 19 tests (planned)
store.clean@v1	proposed-not-registered-not-implemented	19	2;10	mutation	environment	repo;clone;worktree	none	cleanup-policy;age-threshold;authority-reap-result	Dispatches;blob-references;local-scratch;blob-mtimes	orphan-blob-deletion;dispatch-reap;local-scratch-removal	none	filesystem-read;filesystem-write	internal/render.Clean;store.ReapOrphanBlobs	Cleans current Worktree scratch and directly deletes unreferenced old blobs without an event.	Environment orchestrates authenticated authority retention/reap results and deletes only authorized local scratch; blob deletion stays authority-owned with exact retained-reference proof.	internal/render clean tests;internal/store blob tests	M6 Step 19 tests (planned)
doctor.inspect@v1	proposed-not-registered-not-implemented	20	2;3	read	none	repo;clone;worktree	none	current-route-resolves;tracked-wip;generated-tree;harness-state	authority-snapshot;Git-index;remotes;harness-targets;generated-files	none	none	filesystem-read;git-read	verbs/doctor;tiers.CheckUnknownClone;guards	Reads authority-like local store, Git metadata, tracked files, harness targets and generated files; reports without repair.	Environment diagnostic coordinator over authenticated snapshot and local Git/harness checks; never mutates on inspect.	internal/tiers doctor tests;internal/guards tests	M6 Step 20 diagnostics tests (planned)
run-lock.inspect@v1	proposed-not-registered-not-implemented	20	2;10	read	none	repo;clone;worktree	none	lock-identity-valid;runtime-dir-policy	Run;runtime-lock	none	none	runtime-lock	verbs/run;runlock.Probe	Probe creates runtime lock directory/file if absent, briefly takes advisory lock, and reports liveness.	Environment diagnostic result; probe side-effect and lock identity are explicit; not authority Run state.	internal/runlock tests	M6 Step 20 tests (planned)
diagnostics.inspect@v1	proposed-not-registered-not-implemented	20	2;3	read	none	repo;clone;worktree	none	current-route-resolves;readiness-policy	wipd-process;profile;readiness;authority-snapshot	none	none	filesystem-read	internal/wipd;verbs/status experimental profile	Current experimental status probes local profile/process/readiness without full authority status.	Environment process/readiness diagnostics remain separate from deterministic authority status read.	internal/wipd tests	M6 Step 20 tests (planned)
